Id,Category,Description,DetectedDateTime,EndDateTime,Impact,IsMajorIncident,Priority,PriorityOverrideReason,ReportedMethod,ReportedMethodIdentifier,ResolutionSummary,Status,Subject,Type,Urgency,ParentIncidentId
0nySG0000001BKnYAM,,,,,High,False,Critical,,,,,New,Test Routing Q1,New,High,
0nySG0000001ESLYA2,,W-18058979,,,High,False,Critical,,,,,New,W-18058979,New,High,
0nySG0000002DdtYAE,,,,,High,False,Critical,,,,,New,test inc01,New,High,
0nySG0000002DfVYAU,,,,,High,False,Critical,,,,,New,test inc 002,New,High,
0nySG0000002OSrYAM,,,,,High,False,Critical,,,,,New,Test Routing Q1,New,High,
0nySG0000002OSsYAM,,W-18058979,,,High,False,Critical,,,,,New,W-18058979,New,High,
0nySG0000002OStYAM,,,,,High,False,Critical,,,,,New,test inc01,New,High,
0nySG0000002OSuYAM,,,,,High,False,Critical,,,,,New,test inc 002,New,High,
