Issue__c,Workaround__c,Root_Cause__c,Resolution__c
"Some users are being logged out of the VPN connection unexpectedly or are facing frequent reconnection prompts. This affects access to internal tools, shared drives, and intranet-based applications. The issue has been reported across multiple regions and devices (Windows/macOS).

Symptoms include:

-&gt; VPN disconnects after a few minutes of inactivity.

-&gt; Repeated prompts to enter credentials.

-&gt; Inability to reconnect without restarting the device or VPN client.","Until the permanent fix is applied, users can try the following:

-&gt; Ensure continuous low-level network activity (e.g., keeping an internal dashboard open).

-&gt; Disconnect and reconnect to the VPN if disconnected.

-&gt; Use a wired connection instead of Wi-Fi to avoid brief network drops that may trigger disconnects.

-&gt; Use the &quot;Keep Alive&quot; setting in the VPN client if available (reach out to IT for guidance).",A recent update to the organization&#39;s network policy inadvertently shortened session timeout settings on the VPN gateway. This caused the system to terminate connections prematurely for users with low network activity or idle sessions.,The IT Network team has identified and reverted the session timeout policy to the standard 60-minute threshold. A patch was deployed to all regional VPN gateways to ensure consistent behavior. Users should no longer face unexpected disconnections.
