Id,Username,FirstName,LastName,Email,ProfileId,IsActive
005SG00000Hm6xOYAR,stduser.00dsg00000ma1hj45afd34b92c4@salesforce.com,,LName.45afd34b92c4,donotreply@salesforce.com,00eSG00000EDRqOYAX,True
005SG00000HmEoTYAV,epic.0be4714ee52f@orgfarm.out,OrgFarm,EPIC,harshjeet.sinha@salesforce.com,00eSG00000EDRqMYAX,True
005SG00000HmEuvYAF,autoproc@00dsg00000ma1hj2at,Automated,Process,noreply@00dsg00000ma1hj2at,00eSG00000EDRqLYAX,True
005SG00000HmG8jYAF,chatty.00dsg00000ma1hj2at.p7yxi0tizgwf@chatter.salesforce.com,,Chatter Expert,noreply@chatter.salesforce.com,00eSG00000EDSkoYAH,True
005SG00000HmGALYA3,cloud@00dsg00000ma1hj2at,,Platform Integration User,noreply@salesforce.com,00eSG00000EDSrFYAX,True
005SG00000HmGThYAN,stduser.00dsg00000ma1hj563d1b779d51@salesforce.com,StdUser1,Test,anushkabansal@salesforce.com,00eSG00000EDRqOYAX,True
005SG00000HmGVJYA3,stduser.00dsg00000ma1hj959bc7191d5d@salesforce.com,,LName.959bc7191d5d,donotreply@salesforce.com,00eSG00000EDRqOYAX,True
005SG00000HmGWvYAN,stduser.00dsg00000ma1hj583dcdbd9f6f@salesforce.com,,LName.583dcdbd9f6f,donotreply@salesforce.com,00eSG00000EDRqOYAX,True
005SG00000HmGYXYA3,stduser.00dsg00000ma1hj0154c4612c31@salesforce.com,StdUser2,Test,anushkabansal@salesforce.com,00eSG00000EDRqOYAX,True
005SG00000HmGa9YAF,botuser.00dsg00000ma1hj@salesforce.com,Bot,User,donotreply@salesforce.com,00eSG00000EDRqOYAX,True
005SG00000HmGjpYAF,automatedcase@00dsg00000ma1hj2at.ext,,System,trialorgfarmforu@salesforce.com,00eSG00000EDRqLYAX,True
005SG00000IFOZ7YAP,agent1user17406331594023411911@salesforce.com,Agent1,Test,anushkabansal@salesforce.com,00eSG00000EFICfYAP,True
005SG00000IFRYbYAP,user17406341774453629791@salesforce.com,Agent2,Test,anushkabansal@salesforce.com,00eSG00000EFICfYAP,True
